20.996626,8.813122,7.23591,39.136993,35.423683,21.755169,3.1706402,1.9903786,5.542092,8.606337,3.9403107,3.4407747,17.824324,2.9327023,9.672561,0
16.413158,10.88051,7.1334534,44.637177,41.592617,38.590103,4.434215,7.8558097,3.2199874,15.707294,10.698751,5.9572687,28.387714,1.8769866,11.807334,0
18.32345,9.593634,5.672481,42.258236,39.684444,33.24678,2.5959716,8.07819,4.2761207,12.228648,6.041843,5.311103,22.78111,3.8387728,11.198935,0
16.895727,9.37149,6.3744206,44.191647,37.16221,35.57309,2.2577777,7.69352,6.2140293,11.7829485,5.568882,5.00753,22.328638,4.213365,12.780017,0
18.966114,11.152911,6.397415,44.355488,40.806927,34.486847,3.3179862,8.317887,5.622453,11.832459,6.815619,4.772199,22.941172,5.4533525,10.862104,0
16.57498,9.783684,8.214156,46.351665,38.16797,33.422398,1.6500162,10.036267,3.055815,13.7191515,9.250606,4.3922696,26.32135,5.8348937,9.23727,0
17.29491,12.097775,5.3942494,51.006966,41.45615,34.459167,5.0650864,11.10337,5.2222342,17.362047,11.843099,6.92641,29.93635,2.866834,11.786997,0
17.424385,14.441397,8.747348,49.02143,46.758644,33.936604,4.134148,10.774697,3.7246711,17.478878,11.099648,5.636589,29.057775,3.415033,11.415676,0
15.245934,13.464587,8.765687,50.344196,46.77335,34.319157,4.3671565,9.535041,3.3993952,16.355463,10.9457445,6.141693,27.752522,2.2524557,11.230864,0
19.53807,15.605454,9.7939825,50.817646,48.78317,32.816257,4.31371,11.624729,4.6864142,17.435062,10.411429,5.7526903,30.130266,3.7512317,10.433594,0
19.34569,14.575139,8.682679,47.912655,47.123108,34.899517,5.230905,13.248764,4.7182875,17.775658,10.606729,4.771795,30.367004,3.8230865,11.094392,0
21.3332,16.835829,7.959414,51.430504,46.10383,30.817966,3.7588065,12.723845,4.6875024,17.459028,10.463385,4.7676005,31.127642,1.7487978,9.780936,0
22.502605,14.566311,6.165605,50.900208,44.82822,35.905045,8.1281185,11.583655,4.92063,18.84185,5.5414953,7.4727526,30.177963,3.9055042,15.285428,0
21.677862,18.28138,10.3407345,55.3359,49.766045,28.329885,2.7766066,10.694026,3.1041474,16.984282,6.3177752,3.736696,32.716873,4.219523,8.619555,0
14.108348,16.207859,49.768356,27.852354,75.97117,41.576077,5.1018443,9.582211,0.7990513,3.682506,7.4300323,5.585569,13.231534,4.025494,4.335684,0
16.292938,12.575831,8.448587,28.140512,13.212937,18.38194,42.01631,100.64366,39.54132,15.063526,6.828211,21.269024,12.313142,12.212159,16.539406,0
40.39996,14.506417,5.4066486,17.010733,11.300913,3.3812585,41.097874,62.35738,30.35166,27.632484,40.398106,17.382622,21.57689,7.053852,31.172968,0
47.7269,20.820747,11.985747,43.326187,22.79694,10.549499,42.914635,75.77949,40.798504,33.7714,94.15927,39.659245,30.15461,98.296394,60.278522,0
40.841072,15.588839,2.8296008,31.527897,33.98808,21.290623,25.396553,3.974358,7.7547364,46.848335,104.88317,24.766705,51.38061,103.202255,25.263784,0
22.853003,6.346373,0.47243854,65.59736,55.02741,30.650227,8.007024,14.622851,9.841306,12.60478,23.46866,12.862657,7.105175,11.680598,15.591466,0
24.765703,40.93091,26.008047,52.130093,62.553616,34.189644,20.629398,11.0816145,11.049222,5.8259807,22.853743,18.872684,8.772477,12.982243,12.79256,0
24.781717,36.231964,22.254143,56.43527,63.747116,31.458319,27.913427,17.735516,16.838388,11.490934,20.622269,20.450424,6.0438366,9.208415,11.397262,0
26.147585,37.36293,22.107632,54.000774,70.763336,30.367702,22.069181,16.072344,11.682496,5.825264,18.374104,19.15863,8.51888,6.3040853,12.506048,0
25.530458,38.039886,26.457142,57.51771,64.38205,32.676357,21.610106,9.234977,11.618077,7.8310304,16.622635,13.91671,10.48312,11.681196,9.596454,0
33.96427,35.388092,22.237791,41.732906,68.356766,38.680218,58.611023,94.50392,42.11066,18.764225,24.58328,26.921135,15.59413,13.456034,15.234631,0
33.42602,34.772655,15.361635,49.725086,66.16484,41.455498,57.413483,72.29729,62.480843,28.158808,22.971056,72.14365,17.86022,10.676557,13.228095,0
40.590168,34.85569,18.145943,63.026695,68.54164,36.637585,15.513283,5.0326676,9.98447,13.677597,16.252106,21.612827,13.5461035,7.4974647,15.374708,0
33.026215,33.6634,10.378254,59.18091,63.551838,33.449005,37.29979,14.888342,24.97547,41.978657,97.57469,33.68595,14.220916,4.5161734,8.974232,0
26.097378,24.814089,7.0121355,40.85329,47.069984,1.4492607,18.725037,15.632595,5.8468213,14.354176,24.497574,10.173448,12.079881,12.672855,3.3966691,0
36.244278,11.042946,5.416911,56.602917,38.03429,29.512249,9.142416,1.4852223,4.0509806,4.273744,6.1967187,3.7335694,10.313145,7.5929103,8.910587,0
29.467499,12.164499,12.263153,57.561047,41.946827,36.58911,7.786972,5.2148485,4.407719,4.4249635,13.367683,7.977132,17.432951,10.267108,6.9832,0
29.761862,13.989909,11.774292,60.124092,45.939644,28.397797,5.782179,5.7687964,9.282061,2.2434242,13.320635,8.187046,18.053356,12.420007,8.575494,0
33.388405,16.081415,12.612069,56.280025,54.670547,27.205181,4.6111536,2.440859,7.7816586,6.08624,10.492438,7.339057,21.478397,10.9179535,7.2295365,0
27.399405,12.913509,9.02942,59.05275,49.76501,24.799158,2.5787323,2.4191859,7.508406,7.6833887,9.34962,6.4529247,19.771835,10.80619,6.649686,0
30.022982,12.874995,15.650437,61.72949,44.94869,28.137724,3.8913696,4.255559,10.743431,5.436431,11.730772,8.4458065,22.424252,9.978419,8.153977,0
34.16968,17.27708,10.293316,70.43577,39.650085,24.970114,6.0806475,5.3897786,14.138434,9.343231,10.957208,12.132297,25.384756,12.893356,8.53784,0
25.019894,14.697342,12.500228,68.442505,30.678986,26.918474,7.619779,3.1182299,14.508589,6.5488553,8.095038,10.686449,19.580494,12.31651,8.259271,0
9.458293,8.330716,4.6198287,6.720127,4.380392,7.0251646,4.375962,5.770785,3.0501873,11.181983,23.763058,9.218136,19.873442,23.187815,9.646508,0
4.8889213,19.916035,11.4440155,11.964316,13.06944,3.718954,9.151315,11.585477,6.2879677,22.270327,141.97362,13.625112,9.234571,155.20296,18.0842,0
37.641968,21.20149,6.390682,76.29371,29.775532,19.547626,20.791346,8.504831,6.844278,7.6279674,10.4208555,2.8879561,19.849127,6.857621,2.4501586,0
29.961899,21.396624,12.484297,73.9187,33.999043,25.38818,22.766924,6.3639965,5.9653153,8.678009,16.798746,5.805456,19.37125,12.332997,3.2084465,0
30.060387,19.742102,15.760504,74.86344,32.468006,23.155706,17.547222,6.222692,5.997696,4.5034037,14.113209,6.5484753,19.641493,8.603809,3.9631045,0
31.21354,18.827686,13.978819,70.62525,35.778374,24.748802,13.680639,4.229452,7.9286275,7.078485,14.591093,8.90836,19.368896,12.565339,6.9330873,0
33.95684,18.859785,15.373607,73.72493,33.227505,21.504436,13.9617605,3.0951118,8.951834,7.4800997,14.104676,9.983763,19.141764,14.309929,8.42227,0
32.0744,18.624065,14.693333,74.26368,32.379158,21.98879,11.682908,3.7627008,8.966542,5.8194656,13.603994,9.326894,19.069607,12.153768,8.384794,0
32.28619,19.235102,11.536702,74.524635,31.684288,21.20516,12.156636,5.599201,10.018001,4.8149676,13.461447,9.383891,21.182117,10.774063,7.313358,0
31.235222,18.600609,9.812096,76.91172,32.039722,24.710245,14.3316345,9.740425,11.460821,3.919436,14.149839,10.621602,22.299658,11.838221,6.532238,0
31.873077,18.988733,11.070536,71.89064,35.91664,24.92404,11.566684,8.68998,12.908676,5.6948915,14.018019,11.174169,21.873178,12.889514,9.570352,0
30.316198,0.95211923,25.032278,63.32577,17.954418,9.369285,81.49357,12.027576,14.385214,88.69395,14.114979,13.66949,86.18508,31.123993,20.32235,0
28.385319,28.729553,7.187527,64.72693,42.423576,10.423282,3.9202971,3.4450922,5.210886,15.445216,3.468865,5.6815276,29.945196,11.5405445,6.0789375,0
22.969719,22.306835,14.481282,53.392147,45.538345,22.2016,4.96427,3.9762156,8.007455,13.304086,3.997879,6.680316,28.123789,10.299353,9.008127,0
21.553333,20.43565,13.864109,50.40758,47.24767,22.839981,4.513348,6.1064672,8.310582,13.917627,4.5564995,7.031284,27.072214,9.864968,9.400186,0
21.47493,23.805878,14.801756,57.31329,44.831654,20.324482,4.208045,5.2456846,7.8232074,14.933864,1.7790831,8.942609,28.308714,9.548803,8.734712,0
35.519566,20.6083,13.828829,46.823357,58.144585,19.759459,12.970597,10.757402,3.3176072,24.38095,12.203038,1.9171827,47.29515,10.261397,1.5053438,0
41.77676,15.140729,12.057405,63.036266,32.89746,19.918825,10.406745,6.199926,8.591377,15.433547,8.119077,3.2374768,29.51309,5.908951,2.5450256,0
27.223383,13.337799,12.173078,52.701763,48.120705,18.503416,5.473056,8.598946,5.1797495,16.09346,12.917919,2.494029,30.222616,2.5306904,0.8835048,0
30.53804,15.164422,9.620717,59.675995,38.61067,23.222921,7.039758,5.462305,3.352991,15.652913,10.648276,3.0402493,28.877686,10.491986,2.0004964,0
23.52773,16.822075,9.768225,57.277878,48.447655,31.734808,2.09624,8.1145,1.0053487,11.339253,9.582257,3.9071677,25.740559,1.0325042,5.154297,0
21.729189,15.822858,7.407196,57.55698,45.665516,21.90869,4.9031725,7.493586,2.1449544,13.63592,10.647513,3.8017278,25.444618,2.643888,4.081321,0
26.857542,16.066727,9.41291,54.24849,50.415718,25.100897,4.2209496,10.452583,1.8540217,15.003975,12.408783,4.1264467,27.423317,4.512494,3.9791322,0
26.848577,15.313397,9.029388,57.19342,48.864983,25.636559,3.5025926,8.619228,2.0636487,14.21184,11.699791,2.6751027,29.427887,3.553256,3.5162685,0
23.58701,16.118534,10.319649,59.26856,41.42343,25.614536,4.353046,8.37325,2.7310312,12.110513,9.276479,5.4692807,25.023165,4.7736254,6.093872,0
23.080133,12.146792,10.165173,58.794113,38.22762,24.678524,3.878295,3.679067,2.43486,12.098844,8.1423025,5.6849794,25.82905,3.8573353,5.710585,0
17.592093,12.476305,15.382382,58.58828,37.770573,25.485859,7.3233,4.0737042,3.699857,8.881215,5.7674437,5.5410757,21.92045,2.5997,6.263831,0
25.160252,13.303308,7.0477004,54.926613,46.564045,30.014198,6.8766284,9.267111,2.6398463,8.352801,11.230208,5.0345016,19.801409,4.826803,8.206297,0
21.256948,6.0020504,13.121415,4.880154,4.329323,3.366711,1.4176219,12.8067255,2.772168,1.5277874,10.538037,3.0137048,8.608927,11.519467,5.3307033,1
19.12041,4.7315693,16.356285,7.3353243,9.196555,2.7253108,2.388977,13.2653675,1.9188697,2.322042,10.303377,2.5365765,13.750055,4.757701,3.4642377,1
19.989628,5.3368764,11.684876,5.5555425,8.38381,4.5714374,2.6738205,15.848712,3.421896,0.8800204,14.235442,4.1602764,11.697383,8.498953,4.6621175,1
17.846783,4.2326703,13.410013,7.397511,8.312149,4.0816565,1.1077652,12.529797,5.90743,0.92910284,7.032672,3.8871813,12.942271,2.3817134,2.945361,1
19.432396,5.001697,11.221348,5.6639276,7.708619,4.6780267,2.8847642,13.349681,3.6235852,1.2284054,11.58174,2.714335,11.279598,6.985246,3.2968636,1
20.66642,4.616421,11.66844,6.0104,7.091916,3.5321395,2.4286966,12.500095,1.5908527,2.0251527,10.74898,1.7466034,10.059775,9.38672,2.650734,1
20.792072,5.712746,8.796386,8.947491,3.075952,4.2173038,0.9143742,4.82562,3.0928898,3.9830725,3.0103805,3.984892,10.989441,3.642659,2.577746,1
12.316243,2.7139413,16.933558,11.723813,3.8658147,1.78635,8.467583,2.5764306,4.159115,10.243724,1.5828346,6.1647053,8.170653,5.9108453,1.6303381,1
34.35069,6.644833,9.525664,2.9480128,4.043054,2.7839546,5.889954,9.915172,4.1150913,9.441497,6.027948,4.532259,9.214727,4.366235,5.6915684,1
18.199646,5.043708,7.7634954,6.683487,5.4005466,4.5282245,2.414168,3.7926404,3.714756,0.5849445,2.7942476,4.235156,5.7326546,3.4317396,4.0866103,1
18.213606,5.458233,4.5729585,8.79233,4.435874,7.224019,2.235711,2.5722394,3.8206792,1.3132048,1.5288941,4.51652,9.187194,4.642236,5.0131316,1
16.358694,6.6507554,6.686338,7.4979005,6.0585413,5.6054506,1.3348446,9.238509,2.3263335,2.2939606,6.9968996,2.5083823,9.304488,8.651784,3.4950843,1
14.161449,6.8379054,6.9533153,5.161804,7.7690244,2.4874866,2.0533454,8.131147,2.133456,4.094235,6.718704,1.4447149,10.535472,6.8144674,2.6939597,1
14.987351,7.4963765,7.7120423,6.9244576,8.334034,1.8767128,1.4377584,10.51595,2.0128682,1.7037971,8.663611,2.6984673,13.227592,6.2737565,3.8805609,1
14.460596,7.349901,6.290189,3.6132276,6.2958374,3.465048,2.4761786,7.9564404,3.003468,3.8159392,5.376076,2.754433,10.993028,7.7099276,4.1380095,1
15.57138,6.816732,8.6162195,3.8588893,5.1024694,3.9342594,0.95919377,7.072527,5.956789,2.0935764,4.311185,3.9718125,12.09863,6.304956,5.4534583,1
18.34362,5.5833383,8.317531,5.3226805,7.2647743,3.4934916,1.2542014,8.955703,3.892237,1.960752,5.1098475,2.9543593,11.697578,3.4823165,5.7225256,1
17.800415,5.57326,8.292759,8.433629,5.8726172,6.7290454,2.6690102,7.7357783,3.5819187,1.132849,4.456673,1.8805861,9.266919,7.0099235,3.1525671,1
18.549936,5.930394,8.005945,9.562404,2.7760048,2.6024702,5.6239862,7.9442687,4.4027247,3.3258257,5.9585915,3.0254853,8.786057,7.559207,2.8807805,1
20.114641,15.795679,8.419163,24.592514,0.85696656,0.978478,19.90478,12.361648,5.4502125,19.481829,19.685768,5.200778,6.653295,22.381649,16.923416,1
15.021288,16.383154,1.6118243,18.368336,2.6653142,3.235989,16.639858,11.799813,8.696891,18.84779,12.572028,8.629223,13.125705,15.102896,19.101068,1
18.91483,14.60524,7.1326146,15.22308,2.6038165,3.6603541,13.550035,9.766834,5.7499166,14.205385,8.989057,6.870235,4.132358,7.9639034,21.91409,1
20.352795,10.918806,0.9472234,7.2268677,1.2421622,3.9694676,4.9597383,9.2502575,5.33445,6.953249,6.9435954,2.1106222,5.7497816,11.860067,12.0278845,1
23.711714,8.083494,6.2554674,3.5446696,3.1946762,5.0799913,1.7539352,10.982714,6.450902,0.90622544,7.9583817,2.5368218,8.233553,10.502473,4.9067106,1
18.615946,7.504826,5.638509,4.178106,6.1780014,5.0264273,1.3527713,9.570498,3.7543197,1.1467471,6.588625,2.3291113,7.482249,8.822542,3.0791996,1
17.056852,7.217107,6.337178,5.308647,6.088239,5.183607,2.049218,9.343641,4.4719944,0.91315633,6.3391256,2.418839,9.157748,7.7716694,3.356539,1
18.026417,8.421702,5.490429,4.108339,5.665,6.4231243,2.2396252,7.644775,4.833832,1.0291831,6.0220456,3.1192808,8.928292,9.518459,3.4623437,1
19.502987,8.405346,7.8168774,2.7568588,3.6229417,5.317166,1.3374147,8.473497,5.3368635,2.138482,7.076318,2.4903579,9.430333,10.953882,4.220861,1
22.983456,10.389794,4.717911,3.569471,4.5638504,5.141075,2.7614353,9.377087,5.533391,0.4627203,7.3224707,1.8903764,11.493942,11.04814,5.0194244,1
27.648312,11.074663,1.7365757,4.6547236,4.7750554,5.636522,3.3451571,10.431094,8.868868,1.1630149,7.373099,2.592299,9.263831,12.732632,7.749981,1
26.1497,10.825052,2.877338,4.831308,3.6254613,5.4289784,3.7895377,10.375416,8.769291,0.9104401,7.1072135,4.750472,8.226481,9.825091,7.926483,1
23.501467,11.630731,5.4557223,6.6366515,4.4132214,5.703297,6.069022,11.43797,6.690855,2.8804357,6.8513966,3.312593,8.301485,10.176876,7.311086,1
24.478111,8.647142,7.6668644,6.4365077,5.1000566,5.228086,5.771485,10.0181265,5.576725,3.2882712,9.108197,4.321646,14.660344,8.03038,6.8927617,1
22.752722,7.5553985,7.000726,3.8162563,5.0552764,3.8204741,5.8762774,11.002431,7.6028795,2.7646616,11.200941,4.823025,14.249517,8.7416315,7.713982,1
16.268595,5.9208975,8.058663,3.9290316,5.853305,4.566596,3.32504,12.349388,5.3056936,1.5125186,10.249588,3.4126172,14.697816,9.244645,2.9695222,1
22.435062,6.376446,7.6734695,4.570825,6.307325,5.2929235,3.0130386,12.329133,6.2198234,2.4220574,10.840618,2.6211877,16.70145,11.797502,3.5946865,1
27.007128,5.4991565,4.0348268,3.0969424,5.9207253,5.2348833,7.719983,10.339665,3.5875673,4.990844,11.653922,3.5550368,9.535973,11.309342,7.940334,1
23.305014,3.8532207,4.802992,7.394857,4.382735,7.051869,6.53485,12.406512,5.683449,6.9172554,12.985286,3.6929886,10.6436405,8.935625,7.029922,1
21.745054,3.641324,7.4327345,8.63301,6.650999,7.5093203,3.9280505,16.392874,9.146595,5.060091,11.870487,1.1659769,20.2429,11.48798,6.5707765,1
21.040564,4.2737064,11.730816,6.934318,4.885718,8.571139,4.9100995,16.251202,9.128856,7.6749496,13.822751,4.7371774,21.053457,9.632048,3.7317815,1
19.191936,5.4108524,10.150013,7.8597054,6.7482843,12.218399,4.1901636,15.294038,9.682027,9.750159,12.891133,6.4254236,22.5923,9.51745,4.0017257,1
18.60321,4.5413756,8.679,5.5810685,3.8606327,11.252411,6.323025,13.485568,8.48498,9.910082,13.244405,3.5252993,23.679447,11.929542,2.8853743,1
20.609385,5.335564,9.62311,5.0542936,4.120479,10.642506,6.83826,14.199338,7.9140873,11.008018,15.615405,1.418333,24.611097,14.207125,4.38573,1
26.752987,5.759214,14.40291,4.886024,6.802629,8.686263,8.3385105,12.8059435,8.68695,11.421002,16.10942,3.5710561,24.103676,12.266126,6.170667,1
23.613852,4.5471725,12.401684,6.644227,6.3936763,11.619368,10.969859,12.736235,9.383991,14.585097,13.534137,2.8478673,24.957682,10.973996,5.3370504,1
26.630352,4.163639,15.154489,8.92413,10.52706,9.022085,11.470054,11.369677,10.331968,14.09227,14.15523,4.422195,26.920006,12.164172,6.9431434,1
23.09114,4.7588234,14.370514,7.4958396,8.924922,10.648353,13.867805,7.9004054,7.4944963,14.938233,15.039308,5.6608505,24.619205,11.806957,7.610711,1
27.79715,6.1489334,14.430219,8.590925,6.963623,9.3134,16.32506,5.21053,7.7122574,16.364891,12.268657,8.110932,24.829512,10.9933195,12.164369,1
29.80455,5.873424,9.452491,13.671398,2.2573767,11.1041355,20.910873,4.625588,7.9487696,18.582914,7.483423,10.770428,21.140625,11.017428,14.124894,1
23.578012,5.8763385,6.685766,16.691748,8.700803,11.407334,22.372467,3.3551624,11.172258,19.08075,2.8240528,10.65875,21.425016,8.742677,15.351374,1
25.558561,1.5480515,14.07293,13.074213,6.9379554,11.963375,18.287645,3.3777928,6.9748664,17.948822,2.2427816,5.5583053,22.188742,10.677845,9.962794,1
18.659912,2.1047049,8.05582,12.795783,5.6587577,13.381298,23.657677,9.9262705,4.5862117,22.21669,12.066422,3.0896282,24.608374,10.421795,3.8842778,1
13.246985,3.0909028,8.011947,4.141497,5.98943,15.958788,15.170195,7.8308024,7.398718,17.075903,9.66686,6.627702,24.432589,10.582419,7.017633,1
20.724669,1.3269163,8.293623,12.119677,11.942188,12.769368,20.0736,7.095769,6.348658,21.232204,8.347529,7.3573904,24.90818,10.3394,7.2823024,1
14.113419,4.844445,6.4062467,13.252685,6.6951656,12.963072,19.759401,5.6440864,8.596014,21.77947,4.177436,4.719899,24.639885,8.774499,4.43602,1
14.060785,0.6630035,4.0358567,8.751267,6.9717274,10.055743,14.499478,8.273775,11.601028,14.41256,6.6299157,7.1459208,21.742004,8.249015,5.1953897,1
15.739058,5.801382,4.9420233,4.107325,5.527266,9.983923,12.947584,6.239361,9.730969,14.170391,6.017865,5.212127,27.628119,6.6307006,5.667864,1
16.19975,6.5013247,7.5491805,4.2326117,5.148654,8.524285,6.8460813,10.209629,9.099505,8.603699,10.159792,5.7670727,22.76681,10.850224,5.2800717,1
14.91285,6.2424645,5.0109215,5.926517,11.646844,7.7062187,5.5853686,16.932274,2.833517,7.2653155,13.688679,3.5700357,21.86681,3.1326225,6.115955,1
15.694747,6.2850537,14.240936,10.412793,5.3552775,10.368122,1.2187954,11.382484,4.7922835,5.11806,9.083809,3.541066,19.037228,2.3704865,5.3315196,1
25.256538,9.224716,20.839285,8.716943,4.649662,11.033675,1.9936764,9.257199,4.84155,2.6245134,9.123522,1.9681274,12.064318,5.1958323,3.117403,1
28.280304,8.701753,16.145578,10.646109,10.031408,6.8101277,0.7602726,10.257344,1.1028827,2.6497002,9.710321,4.0025573,16.715689,1.4206542,4.079772,1
29.468685,6.9529696,18.602642,8.443839,11.139907,2.643986,1.5499537,12.387979,0.10223496,0.71144515,11.226363,2.2530496,11.947588,0.52738774,1.8589169,1
23.343275,7.8999825,19.18496,17.0684,14.402799,11.791365,0.2521896,8.84579,1.1319954,1.4575217,8.296646,6.350842,11.219696,8.158806,6.085852,1
21.135328,6.6852527,17.742113,15.456059,15.8059635,3.0324667,4.229639,16.361635,1.2868155,1.5635592,15.18998,6.209304,11.24415,0.34246445,7.2233872,1
20.216013,5.6225963,15.3150425,13.185396,15.558588,2.9881248,5.844065,16.698267,0.9479963,2.2628462,13.706792,6.1025968,10.4478035,2.3280144,5.9477243,1
18.4516,5.697884,15.140981,10.557406,14.136325,2.3473933,6.460868,19.528797,2.5161262,6.016162,13.9390545,3.577086,8.710612,3.0588737,3.7449934,1
11.169218,7.5464463,13.907194,17.485859,13.56542,4.72204,3.949423,16.529467,3.3642113,2.6531985,13.254747,8.277016,10.259164,3.8259134,9.222625,1
11.949496,5.2963786,14.755272,15.251398,11.848664,2.6527689,7.529102,15.396356,1.7538352,4.954266,11.315208,7.6046844,12.080028,2.1723573,8.075089,1
8.161565,5.6980615,15.423794,11.488866,12.343539,1.8469105,3.3534513,12.662548,6.362363,1.0916475,10.992077,6.0925474,15.879137,1.6727726,2.675573,1
13.095366,4.737901,14.852148,10.166911,10.629313,1.370144,4.1363115,12.317782,3.3310063,3.3290856,8.908042,6.5364976,14.424368,2.4929569,6.3088803,1
15.869941,3.7216768,22.504,13.449365,7.211875,3.9628928,4.738295,13.723765,6.350396,0.9898054,10.127618,8.989679,8.860975,3.845954,12.797554,1
15.77504,5.971468,20.617414,12.359914,6.290988,2.390301,6.116082,12.648173,3.7805364,7.856296,8.188663,4.286573,3.0571952,4.1650505,11.769876,1
16.309795,6.6951647,14.977807,10.217179,7.9514427,2.1044598,7.3440585,14.263633,3.0831747,9.399783,11.415845,5.5622416,1.1512903,7.405405,8.898577,1
7.0779095,6.6512995,11.199063,10.417292,12.369589,2.0140798,5.1289124,13.678036,1.3172604,6.852185,8.039288,5.841341,4.7242293,4.962332,9.740426,1
6.0128717,6.7234545,8.682914,10.943767,9.328336,3.9342594,3.8286912,10.9638195,5.3333163,9.786964,10.507284,8.073711,8.732042,0.40595213,4.929238,1
15.726448,4.7199163,9.129943,10.378841,5.4994082,1.2462378,2.3194852,9.403519,5.0672646,5.4694233,13.785549,7.334467,6.4942164,11.4678955,4.791701,1
12.93461,7.973345,4.1761327,24.02121,10.849401,6.096603,18.460104,13.273531,4.797557,10.707944,17.803907,5.036347,12.4666605,7.7373667,0.13841042,1
14.493974,5.8222046,4.351826,23.6983,13.766555,5.9068856,11.337705,14.122592,3.6638172,4.527099,15.424182,8.843685,4.248733,9.035441,7.153726,1
12.6843405,5.75099,4.55087,20.917288,10.032981,8.199178,15.048251,6.084756,3.8894882,8.774996,6.4188647,8.016121,3.6011202,12.126617,8.156369,1
19.637259,9.398306,6.8326864,16.871628,6.789617,4.916954,7.820962,7.4540687,6.216413,0.68711764,6.602981,10.16432,3.4864213,2.9115322,7.9525785,1
21.605343,11.27295,8.741355,17.614067,5.169523,3.8510509,8.200432,7.406832,8.342319,0.9208059,6.637827,9.52809,4.5018587,4.5973454,11.588983,1
26.477057,8.346677,13.403954,11.873823,8.190128,1.6361367,5.412821,8.026012,8.019221,2.247278,7.487808,9.656444,2.712748,3.9029675,10.521011,1
23.303537,9.137658,11.79267,11.859107,9.804321,2.8132648,3.783743,12.779731,6.271181,1.9515786,11.441538,9.532322,2.430988,7.7116776,12.525551,1
23.649017,11.074647,13.83382,12.733802,9.269073,3.503771,5.5264964,11.775762,6.685519,1.9703748,10.850311,10.297548,0.6381088,6.6703672,12.106585,1
23.19939,8.031237,9.889248,11.586119,8.775507,5.0009885,4.310409,13.271571,3.6911623,3.5397983,13.801904,6.684425,3.2247937,8.952011,7.822012,1
22.389135,9.504651,12.998058,13.411722,8.246819,2.2096846,2.6252575,12.356754,4.4876003,2.9196389,13.668108,7.084442,3.8145273,6.442685,7.569334,1
28.485428,6.671317,9.289237,11.374425,7.87621,4.8882585,1.8960763,10.374756,3.2529402,6.6593385,14.875816,2.3584359,7.5417113,7.577775,2.3424933,1
29.777786,7.6198273,12.465238,7.513946,5.6572533,5.257591,1.5793282,10.765767,4.4947605,3.3086362,12.428093,1.2495449,4.809667,7.3835588,5.1365323,1
30.841509,5.7234874,5.1998725,6.4933653,5.510345,4.5066857,1.1096369,8.983275,6.533662,3.8043706,11.878334,0.84103644,3.4592805,6.283576,1.5909328,1
28.181488,7.7371364,2.3813896,8.881123,8.291379,4.6543984,3.3691561,9.921282,4.7091556,6.6143994,12.11035,1.3526399,8.694055,8.190383,1.0765238,1
29.351152,7.667131,3.5505779,10.20652,8.632279,5.612498,2.995912,9.166918,4.2854605,5.6768475,9.725867,1.8148434,6.1226296,7.5936985,2.8840866,1
28.35665,6.028801,6.1387687,9.926174,10.358341,5.2686996,3.3023112,8.183566,3.3077393,5.3275843,9.796921,2.7126827,3.5175192,3.9611328,2.39982,1
25.133844,6.4946895,4.8895864,7.199195,9.664661,3.2676811,3.4516332,9.245017,2.9136703,3.8449023,10.923826,2.5061176,3.4812698,5.5491624,2.749739,1
26.410412,5.1397686,7.148096,10.348314,5.5553017,8.028853,3.836462,6.6345606,4.5960855,2.2345655,6.3354893,4.913061,6.754071,2.5390868,4.52827,1
28.419033,5.999828,9.064028,7.9375505,7.909614,5.050231,2.7431037,12.425748,2.9731486,0.8837172,9.996126,2.2625737,5.0754037,7.3889666,3.2879584,1
25.270777,48.871986,96.183914,16.438684,176.50597,12.26181,32.77261,147.21585,33.16441,29.362038,153.99709,27.778881,30.219732,149.17769,26.097113,2
24.257288,44.95826,104.3524,30.369553,142.46608,24.014864,36.05977,123.10207,29.505955,25.923944,145.08542,22.856564,16.040218,152.12811,21.730621,2
25.789948,46.23972,95.02687,37.499275,130.59103,29.533443,38.2893,120.7415,32.882565,28.871267,141.70871,27.345686,22.75503,148.35255,25.859291,2
26.507032,53.292126,96.69477,35.41681,137.32056,33.09514,44.917347,117.76198,45.23816,40.861412,130.63142,37.49049,34.45893,135.33087,34.90074,2
26.202616,44.58191,97.67212,33.201603,139.03363,25.484465,42.52456,118.198456,36.965282,38.55933,126.189354,26.205229,30.372301,127.232994,23.49521,2
32.65207,21.788328,64.21534,37.195694,133.34206,42.395412,36.90999,121.30924,37.539593,35.513523,127.56622,37.958748,41.3673,134.92227,34.181057,2
33.653255,20.046923,61.79617,31.526857,96.172676,51.725258,24.027824,104.03278,30.15678,20.931858,122.305534,32.296932,35.567226,121.90382,30.509253,2
35.71443,12.163126,18.329998,19.709,77.217445,64.6995,12.326942,96.23756,31.231905,7.657784,121.30947,34.01082,18.656073,126.11855,31.645147,2
30.40038,13.208418,21.417673,14.560675,28.989382,58.70519,10.0762615,38.45524,65.975914,14.660361,85.2941,61.356415,20.044231,83.15567,68.5612,2
35.823395,56.469738,87.27977,40.813686,122.96984,41.16721,50.19587,114.43045,53.746235,44.56216,125.61363,44.654602,40.10434,125.0432,34.732937,2
31.50007,42.498188,87.55453,53.509148,112.26089,42.699345,54.128853,110.26819,52.197647,44.386818,130.77151,37.49338,38.7729,131.64877,33.313393,2
34.221058,52.80894,88.23818,48.837887,120.725975,54.897003,57.699028,109.18829,69.00733,51.22742,122.15465,52.94995,43.543274,123.096405,48.475643,2
34.203003,60.793816,80.38987,43.405163,126.872665,41.237812,49.512268,115.909,47.099586,40.21684,126.146385,35.653778,38.12006,124.42494,33.557186,2
33.804348,61.560024,90.13711,40.862164,128.4017,43.44703,49.872578,114.033,51.212112,40.361137,125.61545,37.20612,31.51191,128.4742,28.009186,2
39.123302,60.19105,89.01788,40.08637,126.40286,33.7195,45.46759,114.23965,36.295105,38.424103,121.904884,32.546146,30.108046,123.77991,23.050472,2
18.049168,26.573317,16.751616,52.1257,79.57173,37.79764,42.496933,97.846565,40.2489,41.388878,106.31146,35.519424,56.30575,95.07074,35.517708,2
35.255867,54.022335,90.5188,40.30246,148.3729,41.72444,34.849155,127.324455,43.28889,30.03315,133.76695,29.075172,10.197111,139.22682,22.347172,2
30.20934,46.647297,60.02499,53.379295,122.40162,34.87954,46.81754,121.458084,35.30667,39.098907,122.61786,35.23809,26.709047,113.65784,39.584743,2
23.967804,32.241245,36.247746,55.036545,99.50787,35.74171,50.284645,107.58331,30.590654,46.465378,106.77922,34.27022,39.93811,98.4681,35.557247,2
33.530815,44.35227,38.858265,46.9424,118.99189,37.92866,39.9107,118.365036,33.096592,36.946316,116.41838,36.459305,31.260649,98.23422,37.400608,2
37.916607,51.01428,38.736717,51.937874,127.80374,35.27981,40.191444,130.17348,27.497707,35.038994,121.273315,27.127602,31.3866,104.04656,27.776773,2
33.727985,39.12804,31.445423,56.717552,112.93211,34.575108,47.855236,105.4541,37.806217,53.248936,97.58068,52.4615,52.339825,72.821,50.57534,2
43.024345,41.429134,44.252544,60.180386,121.800865,44.487343,51.730373,123.73614,46.976883,52.136555,118.40682,49.095837,44.13522,96.58596,88.31179,2
34.95962,30.987532,29.752798,59.71701,118.66307,38.370377,56.17791,121.02677,39.00156,57.451824,118.57057,47.813477,52.469936,99.475204,62.979122,2
29.64085,25.77576,29.926079,64.353905,121.252495,40.5276,57.997795,121.57272,42.321487,56.392143,123.99835,46.88739,46.812435,115.37806,65.73224,2
31.337936,28.235514,46.646275,69.04306,108.494705,28.276066,67.49451,108.99338,32.067482,64.15653,110.87973,39.17562,47.33161,80.905106,58.083023,2
24.55628,25.690214,58.41091,74.02887,110.47959,30.607746,71.39083,108.8917,32.867416,67.54668,107.557846,40.61236,39.20896,103.38001,71.46886,2
36.788895,35.356525,52.342583,75.74397,98.491615,33.358624,78.990036,97.77838,38.122135,75.97233,96.72536,44.3125,63.94875,96.313545,30.789248,2
24.6212,11.481281,35.74149,77.20373,92.87023,37.54597,89.522606,87.60483,49.030052,88.40734,88.63072,48.011105,80.68581,86.7356,39.250256,2
26.578615,12.816966,48.07873,74.762794,111.180466,45.166637,85.25402,102.75632,55.719448,86.582794,105.4331,54.730225,82.99567,102.7046,52.335392,2
30.131775,24.116188,12.378854,77.28577,97.41868,50.68411,84.57782,91.48857,68.05015,93.52555,83.639595,72.992004,101.821495,71.86814,68.04757,2
36.85443,33.5021,60.888943,61.420986,98.481606,41.306744,50.682167,116.57124,36.052124,53.206112,123.59305,34.903755,39.158764,134.61465,32.7934,2
42.705463,16.76001,43.124443,86.729836,95.32731,46.444878,97.06294,86.42297,54.412254,92.77233,90.696144,55.0963,86.320786,85.18941,45.646095,2
36.579895,15.363808,45.954605,95.183174,89.58835,64.386894,102.96733,86.54761,66.89371,100.089554,88.86097,70.82771,91.97295,87.84854,61.521427,2
35.554386,7.3207245,29.422464,87.14746,93.83061,56.967182,97.78442,84.115456,70.87329,98.96453,84.51099,70.16642,95.713936,79.73054,64.01413,2
29.232985,14.454606,45.880295,87.59764,95.32082,52.202965,93.36722,89.52192,60.740585,94.900246,84.92164,67.0728,92.4022,77.52233,57.00268,2
47.536705,14.058686,41.112164,91.12804,91.16547,55.123394,91.28033,92.43647,50.190815,91.4996,87.88592,48.55079,88.48374,83.51144,45.38187,2
36.25929,23.68591,67.103424,87.64528,98.18873,62.85,94.204025,94.89635,73.14167,97.3872,92.81461,75.93212,102.17316,83.353226,76.025246,2
33.731045,39.62052,37.1533,84.70564,95.61497,60.95327,92.24147,93.38269,73.34477,99.16258,88.39968,78.41561,105.518654,79.209274,78.67686,2
22.731163,28.568497,10.720723,62.44473,47.24532,11.605919,73.74128,67.79187,34.610546,79.18424,70.574875,35.686657,84.048676,59.848927,34.811245,2
14.988954,23.188349,9.263089,46.516,28.145592,6.7522573,65.437675,46.014935,10.859041,78.05856,61.558624,21.091549,87.14852,48.80883,19.708166,2
28.886707,55.786743,72.72925,86.68218,80.01711,40.11376,87.77811,81.80899,60.32306,93.22357,76.49547,81.749695,95.16111,69.90222,82.03129,2
28.824028,57.21242,56.388004,99.08726,75.27299,38.843437,95.51233,85.11886,44.745335,100.99925,80.09446,63.42928,101.86324,76.21906,80.06117,2
23.683792,53.200935,52.283035,93.2792,82.40671,45.398075,89.78766,92.8263,50.523407,95.33585,87.51166,58.038242,96.94816,82.53055,83.35886,2
7.9224787,17.539381,6.296048,58.12203,97.0011,39.906097,72.03284,101.19607,39.821896,84.580925,87.86574,41.504803,95.80559,66.98935,52.895737,2
29.4275,38.051632,63.270355,96.79496,79.90053,37.524143,96.10353,84.88793,53.577934,99.12967,81.32413,66.20632,100.90658,77.43847,74.59989,2
18.3325,35.366734,34.949543,78.245804,88.19692,44.405266,82.701965,86.01691,56.529697,88.0862,78.513954,56.57508,86.961266,73.33907,65.92984,2
23.10365,35.79359,26.87723,79.55278,88.789566,41.08655,84.477776,85.16205,59.003338,88.51112,77.67198,58.086834,84.6744,79.077286,61.48318,2
33.62537,46.43472,56.688904,87.990875,84.19723,40.64296,96.0761,80.6613,57.328644,102.11655,74.8487,67.14624,103.255646,71.15693,69.41886,2
22.394281,51.286037,68.04413,81.44987,86.15076,33.16815,79.38295,87.10358,54.16467,91.541756,77.87992,66.052025,97.67465,69.35944,69.27864,2
8.655036,17.353064,25.387606,76.59704,98.4507,36.246647,75.806404,102.14965,42.556416,86.67764,95.73337,55.12496,92.994385,86.34684,86.848885,2
36.196754,21.078403,7.3899045,44.93149,3.4561443,1.3939646,50.70186,9.199074,9.651966,48.429348,15.921067,10.644836,50.148857,21.567108,14.245462,2
13.481181,31.722145,28.61117,85.63157,79.37825,47.046906,82.63165,91.847786,40.48814,87.749855,83.65001,57.035328,84.05414,78.17491,77.67989,2
13.760246,9.105368,13.6502495,75.01193,92.86356,76.06984,78.21481,109.21428,49.088696,86.347046,105.55432,40.30608,85.915764,101.40269,85.88463,2
7.3231406,33.331787,29.427074,83.89681,76.60233,42.099785,90.57266,86.35698,38.036907,92.4046,91.70483,43.77644,83.91742,85.19063,89.60114,2
14.272497,11.367673,35.687347,65.683105,66.672386,89.66773,70.34624,105.53084,38.952847,77.63253,105.91642,38.22657,54.817368,94.08025,60.941742,2
11.971452,27.476824,31.746191,81.302734,77.542336,86.25186,86.414825,96.21107,47.383827,84.87661,104.65301,56.19111,73.75246,100.554,95.96336,2
12.503229,5.616854,23.723886,53.542923,13.192089,73.07965,69.10162,88.55049,54.921703,73.381584,93.059944,48.028305,60.497765,63.7287,59.267773,2
21.874626,8.697366,22.14923,79.95393,81.629524,100.98121,85.30712,104.11553,46.6649,93.35325,99.87926,48.232815,75.694305,105.14456,105.04665,2
31.074228,15.9972725,16.640509,69.750046,63.761,132.92448,83.99323,110.214645,35.035957,84.15082,106.6683,41.790607,73.570274,81.46077,153.91223,2
24.157349,25.594522,5.281357,48.219303,36.929077,12.123795,51.903446,48.486435,12.996193,58.758114,56.09106,18.692863,67.99146,35.337345,25.431385,2
28.350857,9.426149,24.023088,77.1751,28.42078,96.20062,98.63517,87.118546,34.949574,97.80442,83.97785,49.95314,85.6873,72.66921,105.16784,2
7.5734487,10.90519,37.11697,92.56113,66.64409,97.157104,102.415596,96.81549,52.937027,107.777596,89.99406,55.025753,100.974686,70.178856,128.77127,2
6.0452285,12.794429,33.263485,91.42205,57.39782,113.91965,96.65531,88.35573,74.14053,99.9215,90.61344,63.48136,95.044174,51.49509,124.950905,2
16.42718,11.3547945,30.279194,100.2324,68.73054,88.41335,101.88352,88.02251,76.7773,102.98425,90.151215,69.577324,85.66888,36.93753,65.42149,2
20.113344,29.609053,35.62475,99.22238,75.721306,80.83942,95.72631,93.17502,83.333,98.30771,87.76796,92.977875,76.100044,12.306586,67.0116,2
23.49708,15.420632,45.450996,104.129036,65.213326,77.05587,105.31598,91.23971,66.41607,105.9564,95.356125,70.58875,92.82288,42.124805,121.72233,2
34.82025,17.898506,46.059494,89.22901,85.72347,66.752716,103.6761,95.81695,59.513584,107.881584,94.85739,70.72707,105.92232,79.23137,100.693306,2
40.2713,20.753086,45.16921,90.97043,80.36971,77.36258,106.171745,91.369835,56.439857,112.29133,84.39737,71.02403,115.48487,71.24817,92.9705,2
42.497906,22.985672,33.474186,88.94881,80.85215,65.161415,99.896904,91.21289,52.401302,104.33572,86.65382,63.365147,107.56414,79.318504,87.23291,2
39.56513,20.294783,52.66611,89.68055,85.839195,73.85886,100.45649,97.10305,54.054447,104.61612,90.7615,61.848972,105.592995,84.76329,85.79812,2
39.881172,18.629091,44.517265,87.73099,85.26991,60.58409,98.85957,92.04713,50.464447,101.05807,87.20426,57.925385,98.21054,79.21827,87.66214,2
30.537289,13.090996,55.352345,83.879715,84.063774,56.14738,91.66269,99.4132,43.173435,94.25371,95.59085,46.53769,89.08464,94.11438,93.04204,2
35.974857,13.368906,38.034416,84.93992,79.21215,52.4555,91.03719,98.47375,46.150185,93.964386,98.273964,47.18263,93.854004,95.66738,80.69401,2
34.99992,18.523586,50.12129,85.075096,83.88564,55.18604,92.18407,93.1289,46.017025,96.171364,92.74036,52.797817,101.39866,84.36986,70.44512,2
38.799995,16.048597,34.571712,87.153755,83.21829,54.26263,94.48007,95.2585,53.04178,97.59005,96.151054,54.471916,99.97812,93.066124,74.8833,2
41.751877,18.045042,29.481426,87.63853,84.76555,57.337803,96.11334,91.12873,57.210205,99.30954,91.09695,59.21711,101.22229,85.16508,85.54539,2
32.08206,21.730433,68.565186,88.02421,81.5083,61.59822,100.69826,85.09196,55.165348,99.8694,83.457596,56.580574,97.381134,76.87299,68.77205,2
37.313305,24.456549,60.598392,90.97275,76.19856,71.04526,103.52012,80.96295,63.98498,101.74566,83.165184,57.68295,99.54871,76.94235,62.91067,2
35.67218,26.62217,73.804306,96.393906,76.68286,73.6134,109.65499,79.90722,62.160313,108.21873,81.68571,60.638664,104.79748,73.71322,70.241035,2
44.08365,23.42565,60.048298,98.56862,76.77587,76.08347,110.616035,85.10724,64.14663,110.99302,84.70569,66.15134,112.26873,75.76933,82.71049,2
43.53473,25.191118,62.73435,98.13123,82.610245,72.68888,109.06536,87.630646,62.052628,109.71513,86.57885,64.954056,112.3603,78.401375,79.90353,2
40.34576,25.975187,63.180687,94.76917,82.40476,70.16819,106.79787,87.39703,58.904152,107.58617,85.883545,62.03411,111.87659,77.68746,75.96425,2
45.461407,23.288065,62.901535,96.82248,78.952324,78.66427,108.59217,82.58627,65.052,109.18549,84.268196,63.607414,110.399895,76.20311,74.70215,2
41.186802,26.537283,78.286545,97.710464,78.693886,68.15986,108.917435,77.33321,59.95443,107.24087,79.304695,63.146893,104.780594,76.12354,66.709656,2
48.39668,30.32437,37.02214,102.49698,67.97975,68.30687,110.44837,74.59192,58.9763,107.78687,77.70885,57.121956,102.75259,74.93822,66.27032,2
50.916485,25.05595,39.617004,106.15929,71.1551,64.9408,110.91616,76.89199,54.821568,109.42099,74.98996,59.956093,104.69966,74.18754,63.116943,2
47.889893,22.8038,32.755455,105.48786,71.17092,61.49711,109.008934,75.76187,56.22297,107.15445,76.47206,61.933685,104.72065,76.96264,67.38757,2
49.252365,26.021067,32.39119,102.789825,72.37985,63.095966,107.43248,77.63547,55.887302,107.23329,75.90188,61.691013,105.180595,76.03746,66.73855,2
40.5355,29.837729,43.614326,101.41278,67.830284,62.77428,106.09788,70.11849,57.157475,104.35749,70.62348,56.99859,97.88421,77.73461,56.70688,2
37.584316,19.480486,50.117325,92.234825,66.40219,54.176094,95.57673,66.9716,52.45746,91.23002,68.534195,56.82879,82.12043,78.74445,48.81152,2
32.347023,10.082301,31.542116,82.853165,64.76298,47.566837,86.80222,65.397255,52.14982,82.454895,65.673355,60.19461,73.53121,76.62535,46.46032,2
25.761356,30.944933,41.446037,69.50894,51.259087,36.65307,78.93019,54.391922,64.09731,79.05515,58.228554,69.55684,73.135,59.8473,46.24587,2
28.723299,40.178883,35.39507,80.98252,45.07576,34.532207,86.17291,47.194927,67.132256,87.98915,48.48188,77.85425,85.62696,49.4791,54.241413,2
28.499733,28.649015,33.63858,55.194244,73.23178,43.321785,77.928635,61.247543,54.85307,91.57102,69.23424,55.832405,90.956665,57.73125,39.669785,2
25.973864,24.286024,18.395035,64.74054,52.4471,35.10426,76.55814,52.66932,67.25821,80.61942,53.592503,66.2995,77.492134,55.465897,40.430443,2
28.259783,27.28744,26.448273,64.99891,40.942562,37.183914,73.859764,37.05852,55.013496,77.322426,48.617256,67.1537,76.39294,47.018684,42.339848,2
25.596458,14.993241,10.282238,57.592327,42.202015,55.431095,67.24073,52.286175,68.80442,63.887146,67.23154,61.433437,59.799694,60.988926,32.851562,2
27.914042,13.716849,6.512989,23.770222,31.056131,47.91046,34.468117,54.25763,21.203548,27.866623,66.15265,36.38357,33.751495,37.69029,42.68807,2
35.65651,18.922209,80.58023,71.31749,80.34885,39.59037,89.03682,54.86696,59.929905,96.73552,76.3562,63.969463,94.53919,73.09599,62.01052,2
24.843542,11.829821,9.593438,63.297726,65.419464,30.997501,77.18497,62.992996,48.866104,83.559494,64.132774,64.89148,84.9063,50.99215,59.41722,2
26.438663,11.260085,14.754296,61.68591,44.68964,36.253338,70.917,48.692867,52.337406,71.47157,57.691547,70.027565,71.507195,48.441196,43.58589,2
25.301277,10.16187,10.254284,60.868565,42.6887,26.871298,67.66314,43.02088,34.599545,67.81877,46.80501,48.375103,66.89765,47.673115,28.69679,2
